Nom;Adresse
DITIB ALTKIRCH;14a route de thann  68130 Altkirch
DITIB BAR-LE-DUC;31 rue des Romains 55000 Bar le Duc
DITIB BARR;26 Rue Paul Degermann 67140 BARR
DITIB BENFELD / HUTTENHEIM;6 Route de Strasbourg 67230 Huttenheim
DITIB BESANÇON;1 Rue Louis Garnier 25000 BESANÇON
DITIB BISCHWILLER;38 rue de Rohrwiller 67240 Bischwiller
DITIB BITCHE;52 rue des Tilleuls 57230 Bitche 
DITIB BOULAY MOSELLE;26 Bis rue du General de Rascas 57220 BOULAY-MOSELLE
DITIB BOUZONVILLE;3 Impasse du Porche 57320 Bouzonville
DITIB BRUYERES;13 Rue De Verdun 88600 BRUYERES
DITIB CHATENOIS;17 HLM Les Patureaux 88170 CHATENOIS
DITIB COLMAR;73 Rue de la Fecht 68000 Colmar
DITIB CREUTZWALD;31 Impasse du Boesader 57150 Creutzwald
DITIB EPINAL-Hz Ömer;24 bis rue des villes jumelées Epinal  88000 Épinal
DITIB EPINAL-Selimiye;1 avenue des terres saint-jean 88000 Épinal
DITIB ERSTEIN;5 rue de la lorraine 67150 Erstein
DITIB FAMECK;69a Rue de la Centrale 57290 Fameck
DITIB FAREBERSVILLER;1 Rue Moliere 57450 Farébersviller
DITIB FOLSCHVILLER;56 rue Louis Pasteur 57730 Folschviller
DITIB FORBACH;12a Rue des Moulins 57600 Forbach
DITIB GERARDMER;Chemin des 4 Feignes 88400 Gérardmer
DITIB GRANDVILLARS;46 rue de delle 90600 Grandvillars
DITIB GRAY;55 Av. du Maréchal de Lattre de Tassigny, 70100 Gray
DITIB GUEBWILLER;8 Rue du Général de Gaulle 68500 Guebwiller
DITIB HAGUENAU;6a Rue du Foulon 67500 Haguenau
DITIB HERICOURT;8b Avenue Pierre Beregovoy 70400 Héricourt
DITIB INGWILLER;1 Rue du Rauschenbourg 67340 Ingwiller
DITIB JOINVILLE;44 Rue Des Chivres 52300 JOINVILLE
DITIB LANGRES;6 RUE DE LA BOUCHERIE 52200 LANGRES
DITIB LE THILLOT;23 Avenue de Verdun 88160 Le Thillot
DITIB LONGWY;ZAC Du Petit Breuil, Av. Raymond Poincaré, 54400 Longwy
DITIB LUNEVILLE;2 Rue Emile Fischers 54300 Lunéville
DITIB LURE;65 AVENUE CARNOT 70200 LURE
DITIB LUXEUIL LES BAINS;9 Rue Victor Hugo 70300 LUXEUIL LES BAINS
DITIB MARCKOLSHEIM;59 A rue Clemenceau 67390 MARCKOLSHEIM
DITIB METZ;65 rue du Général Metman 57070 METZ
DITIB MIRECOURT;87 Rue du Docteur Grosjean 88500 Mirecourt
DITIB MOLSHEIM;3 rue Mercedes Benz 67120 Molsheim
DITIB MONTLEBON;1 Rue de la Sablière 25500 Montlebon
DITIB MORTEAU;14 Bis rue fontaine lepine 25500 Morteau
DITIB MULHOUSE;226 Rue Josué Hofer 68200 Mulhouse
DITIB NANCY;12 Rue Jean Mermoz 54500 Vandœuvre-lès-Nancy
DITIB NEUFCHATEAU;250 Rue De Verdun 88300 NEUFCHATEAU
DITIB OBERNAI;20 Avenue De Gail 67210 Obernai
DITIB PONT-A-MOUSSON;2 Square Emile Zola 54700 Blénod-lès-Pont-à-Mousson
DITIB PONTARLIER;60 Rue de salins 25300 PONTARLIER
DITIB PUTTELANGE-AUX-LACS;10a Rue de Strasbourg 57510 Puttelange-aux-Lacs
DITIB RAMBERVILLERS;QUARTIER RICHARD AVENUE DE 11 NOVEMBRE 88700 RAMBERVILLERS
DITIB RAON L’ETAPE;6 Rue d'Alsace 88110 Raon-l'Étape
DITIB REICHSHOFFEN;51f Route de Strasbourg 67110 Reichshoffen
DITIB REMIREMONT;17 Rue des Grands Moulins 88200 Saint-Étienne-lès-Remiremont
DITIB REVIGNY SUR ORNAIN;7 Avenue du Général Sarrail 55800 Revigny-sur-Ornain
DITIB SAINT MIHIEL;3 Ruelle Des Soeur 55300 SAINT MIHIEL
DITIB SAINT-DIE-DES-VOSGES;3 Avenue de Verdun 88100 Saint-Dié-des-Vosges
DITIB SAINT-DIZIER;16 Rue Lamartine 52100 Saint-Dizier
DITIB SAINT-LOUIS;7 rue des fleurs 68300 Saint-Louis
DITIB SARREBOURG;12 Rue d'Alsace 57400 Sarrebourg
DITIB SARREGUEMINES;3 Impasse Nicolas Rohr 57200 Sarreguemines
DITIB SARRE-UNION;20 Rue des Jardins 67260 Sarre-Union
DITIB SAVERNE;29 Rue du Maréchal Joffre 67700 Saverne
DITIB SCHIRMECK / LA BROQUE;25 Rue de la Gare 67130 La Broque
DITIB SELESTAT;19 Route d’Orschwiller 67600 Sélestat
DITIB ST. JEAN DE ROHRBACH;1B Cite des Jardins 57510 Saint-Jean-Rohrbach
DITIB ST. MARIE AUX MINES;9 Rue Reber 68160 Sainte-Marie-aux-Mines
DITIB STRASBOURG;3 rue thomas mann 67200 strasbourg
DITIB THANN;78 Faubourg des Vosges 68800 Thann
DITIB TOUL;145 allé JF Kennedy 54200 Toul
DITIB VALENTIGNEY;6 Rue des Combottes 25700 Valentigney
DITIB VESOUL;7 Cours Montaigne 70000 VESOUL
DITIB WISSEMBOURG;1 Impasse des Roses 67160 Wissembourg
